data,kanal,operator,start,pobranie,konto,bliski,mapa,d7,d30
2026-07-10,op,Orange,86,27,23,12,10,7,5
2026-07-10,op,Play,122,34,29,16,13,9,6
2026-07-10,op,Plus,61,19,16,9,6,4,3
2026-07-10,op,T-Mobile,68,21,20,10,9,6,4
2026-07-10,own,,62,59,57,47,39,33,28
2026-07-10,ret,,50,43,35,29,28,20,16
2026-07-11,op,Orange,69,22,19,11,8,6,4
2026-07-11,op,Play,89,27,24,14,10,8,5
2026-07-11,op,Plus,52,15,13,7,5,4,3
2026-07-11,op,T-Mobile,57,20,17,9,7,5,3
2026-07-11,own,,56,49,45,35,32,26,21
2026-07-11,ret,,44,32,30,24,20,18,14
2026-07-12,op,Orange,72,22,17,11,8,6,4
2026-07-12,op,Play,86,31,22,13,9,8,5
2026-07-12,op,Plus,47,16,13,7,5,4,3
2026-07-12,op,T-Mobile,57,19,16,9,6,5,3
2026-07-12,own,,58,53,48,40,35,29,24
2026-07-12,ret,,43,34,31,25,24,18,13
2026-07-13,op,Orange,93,27,24,12,10,6,5
2026-07-13,op,Play,109,36,27,16,12,8,6
2026-07-13,op,Plus,59,17,15,9,7,4,3
2026-07-13,op,T-Mobile,73,23,20,11,8,5,4
2026-07-13,own,,65,59,59,43,40,34,29
2026-07-13,ret,,48,40,39,29,25,22,16
2026-07-14,op,Orange,93,28,22,13,9,6,5
2026-07-14,op,Play,109,33,29,15,12,9,6
2026-07-14,op,Plus,64,19,15,9,7,4,3
2026-07-14,op,T-Mobile,71,21,21,11,9,6,4
2026-07-14,own,,62,60,55,49,42,36,29
2026-07-14,ret,,53,42,37,31,27,20,15
2026-07-15,op,Orange,90,29,24,13,9,7,5
2026-07-15,op,Play,112,32,31,16,13,8,6
2026-07-15,op,Plus,60,19,15,9,7,5,3
2026-07-15,op,T-Mobile,71,23,18,10,8,6,4
2026-07-15,own,,67,61,60,42,41,35,28
2026-07-15,ret,,48,42,38,31,29,19,16
2026-07-16,op,Orange,80,26,22,13,9,7,5
2026-07-16,op,Play,113,36,31,18,13,9,6
2026-07-16,op,Plus,60,17,15,9,7,5,3
2026-07-16,op,T-Mobile,75,23,19,11,8,6,4
2026-07-16,own,,68,64,54,47,41,34,29
2026-07-16,ret,,52,38,33,31,28,20,17
2026-07-17,op,Orange,83,28,22,12,9,7,5
2026-07-17,op,Play,119,36,30,16,13,9,6
2026-07-17,op,Plus,60,18,17,8,7,5,3
2026-07-17,op,T-Mobile,69,22,20,10,9,6,4
2026-07-17,own,,63,60,60,48,42,34,27
2026-07-17,ret,,54,41,36,31,28,22,15
2026-07-18,op,Orange,74,21,17,11,8,6,4
2026-07-18,op,Play,88,31,24,12,10,7,5
2026-07-18,op,Plus,47,15,13,7,5,4,3
2026-07-18,op,T-Mobile,59,18,17,9,6,5,3
2026-07-18,own,,55,47,47,40,32,26,21
2026-07-18,ret,,41,31,31,23,22,17,14
2026-07-19,op,Orange,74,22,18,10,8,6,4
2026-07-19,op,Play,99,27,23,13,11,7,5
2026-07-19,op,Plus,50,14,13,7,5,4,3
2026-07-19,op,T-Mobile,63,19,15,9,7,5,3
2026-07-19,own,,59,48,48,41,31,29,24
2026-07-19,ret,,42,33,29,25,22,16,13
2026-07-20,op,Orange,81,25,21,12,9,6,4
2026-07-20,op,Play,105,34,29,17,13,9,6
2026-07-20,op,Plus,64,20,15,8,6,5,3
2026-07-20,op,T-Mobile,72,21,20,10,8,6,4
2026-07-20,own,,69,59,56,45,41,31,29
2026-07-20,ret,,46,43,37,31,29,21,15
2026-07-21,op,Orange,85,28,23,13,9,6,5
2026-07-21,op,Play,117,33,31,17,13,9,6
2026-07-21,op,Plus,64,19,17,9,6,4,3
2026-07-21,op,T-Mobile,78,23,18,11,8,6,4
2026-07-21,own,,66,59,59,43,43,32,26
2026-07-21,ret,,53,39,38,32,28,21,17
2026-07-22,op,Orange,86,27,22,12,10,7,5
2026-07-22,op,Play,114,37,30,18,12,9,6
2026-07-22,op,Plus,58,18,15,9,7,5,3
2026-07-22,op,T-Mobile,73,22,19,11,9,5,4
2026-07-22,own,,71,58,58,46,41,32,26
2026-07-22,ret,,47,42,39,30,28,19,16
2026-07-23,op,Orange,91,28,23,12,10,7,5
2026-07-23,op,Play,115,36,30,16,13,9,7
2026-07-23,op,Plus,56,20,16,8,7,5,3
2026-07-23,op,T-Mobile,77,23,19,10,8,6,4
2026-07-23,own,,62,57,57,46,41,33,25
2026-07-23,ret,,47,38,35,32,27,21,16
2026-07-24,op,Orange,87,27,24,12,10,7,5
2026-07-24,op,Play,108,37,30,16,12,9,6
2026-07-24,op,Plus,56,19,16,9,7,5,3
2026-07-24,op,T-Mobile,72,22,19,11,9,6,4
2026-07-24,own,,64,64,59,46,40,34,28
2026-07-24,ret,,49,38,36,29,27,21,17
2026-07-25,op,Orange,73,23,19,10,7,6,4
2026-07-25,op,Play,98,28,25,13,11,7,5
2026-07-25,op,Plus,52,15,13,8,5,4,3
2026-07-25,op,T-Mobile,59,18,17,9,7,5,3
2026-07-25,own,,57,52,49,35,35,28,21
2026-07-25,ret,,43,35,29,25,22,16,13
2026-07-26,op,Orange,66,21,19,10,8,6,4
2026-07-26,op,Play,98,31,24,13,10,7,5
2026-07-26,op,Plus,51,15,13,7,5,4,3
2026-07-26,op,T-Mobile,61,20,16,9,6,5,3
2026-07-26,own,,52,51,46,37,33,28,24
2026-07-26,ret,,42,34,30,25,22,16,12
2026-07-27,op,Orange,86,27,23,13,10,7,4
2026-07-27,op,Play,107,36,30,17,13,9,6
2026-07-27,op,Plus,60,17,16,9,6,5,3
2026-07-27,op,T-Mobile,70,24,19,11,8,5,4
2026-07-27,own,,68,60,60,49,39,35,28
2026-07-27,ret,,48,43,35,29,29,20,16
2026-07-28,op,Orange,86,27,22,13,9,7,4
2026-07-28,op,Play,122,34,30,17,12,8,6
2026-07-28,op,Plus,57,17,15,9,7,4,3
2026-07-28,op,T-Mobile,78,24,18,11,8,6,4
2026-07-28,own,,68,66,53,44,39,33,25
2026-07-28,ret,,50,41,36,31,27,21,17
2026-07-29,op,Orange,85,28,24,13,9,7,4
2026-07-29,op,Play,120,37,27,16,13,9,6
2026-07-29,op,Plus,58,18,15,9,6,4,3
2026-07-29,op,T-Mobile,69,24,19,10,9,6,4
2026-07-29,own,,71,59,56,47,39,32,27
2026-07-29,ret,,52,39,37,29,28,21,16
2026-07-30,op,Orange,93,27,23,13,9,6,5
2026-07-30,op,Play,109,37,32,17,12,8,6
2026-07-30,op,Plus,58,18,16,8,7,5,3
2026-07-30,op,T-Mobile,71,24,21,10,8,6,4
2026-07-30,own,,71,66,61,44,41,31,27
2026-07-30,ret,,53,41,33,28,26,19,15
2026-07-31,op,Orange,90,29,24,12,10,7,5
2026-07-31,op,Play,105,36,29,16,12,10,6
2026-07-31,op,Plus,58,18,15,8,6,4,3
2026-07-31,op,T-Mobile,79,23,20,10,8,6,4
2026-07-31,own,,65,57,55,46,42,32,26
2026-07-31,ret,,54,40,38,29,29,21,15
2026-08-01,op,Orange,73,21,18,10,7,6,4
2026-08-01,op,Play,94,29,22,14,11,7,5
2026-08-01,op,Plus,51,15,13,7,5,4,3
2026-08-01,op,T-Mobile,62,18,14,9,6,4,3
2026-08-01,own,,52,52,49,35,32,28,24
2026-08-01,ret,,42,34,29,26,21,17,12
2026-08-02,op,Orange,73,22,17,10,8,6,4
2026-08-02,op,Play,96,30,25,13,9,8,5
2026-08-02,op,Plus,50,16,14,8,5,4,3
2026-08-02,op,T-Mobile,57,19,15,9,6,5,3
2026-08-02,own,,56,49,49,37,34,30,23
2026-08-02,ret,,41,30,28,23,21,16,14
2026-08-03,op,Orange,85,25,23,14,9,7,5
2026-08-03,op,Play,108,34,27,16,12,8,6
2026-08-03,op,Plus,61,18,16,8,7,4,3
2026-08-03,op,T-Mobile,71,24,19,11,8,6,4
2026-08-03,own,,66,65,61,47,39,32,27
2026-08-03,ret,,49,41,38,32,29,22,15
2026-08-04,op,Orange,87,25,23,12,9,7,5
2026-08-04,op,Play,112,35,27,16,13,9,6
2026-08-04,op,Plus,63,17,14,9,7,5,3
2026-08-04,op,T-Mobile,78,24,19,10,8,5,4
2026-08-04,own,,68,58,58,49,41,34,28
2026-08-04,ret,,48,37,35,31,25,21,16
2026-08-05,op,Orange,84,28,24,12,9,7,5
2026-08-05,op,Play,108,35,28,18,12,9,6
2026-08-05,op,Plus,55,19,15,9,6,5,3
2026-08-05,op,T-Mobile,77,22,20,11,8,5,4
2026-08-05,own,,62,58,57,49,44,31,25
2026-08-05,ret,,46,42,38,31,25,21,16
2026-08-06,op,Orange,89,26,23,13,10,7,5
2026-08-06,op,Play,116,38,29,16,13,8,6
2026-08-06,op,Plus,60,19,16,9,6,5,3
2026-08-06,op,T-Mobile,78,22,20,11,8,5,4
2026-08-06,own,,68,66,53,46,41,36,28
2026-08-06,ret,,48,39,36,29,27,20,16
2026-08-07,op,Orange,86,28,24,13,10,7,5
2026-08-07,op,Play,117,35,28,16,13,8,6
2026-08-07,op,Plus,60,19,14,9,6,4,3
2026-08-07,op,T-Mobile,72,22,20,10,8,6,4
2026-08-07,own,,71,66,58,44,42,35,27
2026-08-07,ret,,53,42,38,28,25,21,16
2026-08-08,op,Orange,68,22,19,10,8,5,4
2026-08-08,op,Play,87,29,25,14,11,7,5
2026-08-08,op,Plus,46,14,13,7,6,4,3
2026-08-08,op,T-Mobile,60,19,15,9,7,4,3
2026-08-08,own,,54,47,45,35,35,28,22
2026-08-08,ret,,39,33,32,24,23,17,14
2026-08-09,op,Orange,76,24,19,10,8,6,4
2026-08-09,op,Play,98,28,22,13,11,8,5
2026-08-09,op,Plus,48,16,12,7,6,4,3
2026-08-09,op,T-Mobile,60,19,15,9,7,5,3
2026-08-09,own,,58,48,48,39,34,28,22
2026-08-09,ret,,38,30,29,26,23,17,14
2026-08-10,op,Orange,92,27,22,14,9,7,5
2026-08-10,op,Play,113,35,28,16,13,9,6
2026-08-10,op,Plus,60,20,15,8,7,4,3
2026-08-10,op,T-Mobile,69,24,20,11,8,5,4
2026-08-10,own,,69,58,55,46,42,32,27
2026-08-10,ret,,49,38,35,31,29,19,17
2026-08-11,op,Orange,93,27,23,13,9,7,4
2026-08-11,op,Play,118,37,28,17,13,8,6
2026-08-11,op,Plus,63,17,16,8,7,4,3
2026-08-11,op,T-Mobile,78,24,20,10,9,6,4
2026-08-11,own,,68,62,60,47,41,33,28
2026-08-11,ret,,48,37,37,31,29,19,16
2026-08-12,op,Orange,81,27,22,12,10,7,4
2026-08-12,op,Play,116,37,31,17,12,9,6
2026-08-12,op,Plus,62,19,15,8,7,5,3
2026-08-12,op,T-Mobile,69,22,19,11,8,6,4
2026-08-12,own,,66,60,59,45,43,32,26
2026-08-12,ret,,51,40,38,31,29,22,16
2026-08-13,op,Orange,87,27,24,12,9,7,5
2026-08-13,op,Play,120,35,28,17,13,9,6
2026-08-13,op,Plus,59,18,15,8,6,4,3
2026-08-13,op,T-Mobile,70,23,18,10,8,6,4
2026-08-13,own,,66,65,54,43,43,32,27
2026-08-13,ret,,50,38,36,28,25,21,16
2026-08-14,op,Orange,89,26,23,12,9,6,5
2026-08-14,op,Play,111,37,29,16,12,9,6
2026-08-14,op,Plus,62,18,15,8,6,5,3
2026-08-14,op,T-Mobile,76,23,18,11,8,6,4
2026-08-14,own,,69,66,58,43,39,32,26
2026-08-14,ret,,51,40,39,29,25,19,16
2026-08-15,op,Orange,70,21,19,10,8,6,4
2026-08-15,op,Play,99,29,26,13,10,7,5
2026-08-15,op,Plus,47,16,14,7,5,4,3
2026-08-15,op,T-Mobile,60,20,16,9,6,4,3
2026-08-15,own,,57,51,50,37,34,26,24
2026-08-15,ret,,40,33,29,25,21,18,12
2026-08-16,op,Orange,74,23,20,10,7,5,4
2026-08-16,op,Play,87,29,24,13,10,7,5
2026-08-16,op,Plus,50,16,13,7,5,4,3
2026-08-16,op,T-Mobile,64,18,16,9,7,5,3
2026-08-16,own,,52,52,45,38,33,29,22
2026-08-16,ret,,40,33,30,23,22,16,13
2026-08-17,op,Orange,90,28,22,12,10,6,5
2026-08-17,op,Play,114,37,30,18,11,9,6
2026-08-17,op,Plus,60,19,17,8,6,5,3
2026-08-17,op,T-Mobile,73,23,20,11,8,5,4
2026-08-17,own,,71,57,53,43,43,35,27
2026-08-17,ret,,48,43,37,31,28,19,15
2026-08-18,op,Orange,92,25,21,12,10,6,5
2026-08-18,op,Play,113,37,30,17,12,9,6
2026-08-18,op,Plus,64,19,15,9,7,5,3
2026-08-18,op,T-Mobile,73,21,19,10,8,6,4
2026-08-18,own,,70,64,60,42,42,35,26
2026-08-18,ret,,53,39,37,31,29,20,15
2026-08-19,op,Orange,84,27,23,12,10,6,5
2026-08-19,op,Play,109,36,28,16,12,9,6
2026-08-19,op,Plus,62,19,15,8,7,5,3
2026-08-19,op,T-Mobile,76,22,20,11,9,5,4
2026-08-19,own,,67,57,57,45,41,34,25
2026-08-19,ret,,47,43,34,32,25,19,15
2026-08-20,op,Orange,86,27,22,12,9,7,5
2026-08-20,op,Play,108,35,28,16,13,8,6
2026-08-20,op,Plus,56,18,15,9,7,5,3
2026-08-20,op,T-Mobile,70,23,20,10,8,6,4
2026-08-20,own,,62,59,58,45,41,33,26
2026-08-20,ret,,53,41,34,30,25,22,17
2026-08-21,op,Orange,93,27,23,12,9,7,5
2026-08-21,op,Play,109,33,31,15,12,8,6
2026-08-21,op,Plus,63,19,15,9,6,4,3
2026-08-21,op,T-Mobile,75,22,21,10,8,6,4
2026-08-21,own,,68,62,58,44,43,31,29
2026-08-21,ret,,47,37,35,29,27,20,16
2026-08-22,op,Orange,69,20,17,10,8,5,4
2026-08-22,op,Play,94,27,23,14,11,7,5
2026-08-22,op,Plus,50,15,13,7,5,4,3
2026-08-22,op,T-Mobile,59,18,16,8,6,5,3
2026-08-22,own,,51,49,44,35,33,28,23
2026-08-22,ret,,43,32,31,25,23,17,14
2026-08-23,op,Orange,76,23,18,10,8,5,4
2026-08-23,op,Play,97,27,22,13,11,7,5
2026-08-23,op,Plus,51,15,13,7,5,4,3
2026-08-23,op,T-Mobile,56,20,16,8,7,4,3
2026-08-23,own,,51,51,48,39,36,26,22
2026-08-23,ret,,40,30,30,24,23,18,12
2026-08-24,op,Orange,83,26,23,13,10,7,5
2026-08-24,op,Play,118,34,30,17,13,9,7
2026-08-24,op,Plus,62,20,16,8,7,5,3
2026-08-24,op,T-Mobile,75,24,19,11,7,6,4
2026-08-24,own,,72,59,59,45,38,36,29
2026-08-24,ret,,47,38,38,29,29,20,15
2026-08-25,op,Orange,81,28,24,12,10,7,5
2026-08-25,op,Play,117,33,28,17,13,9,6
2026-08-25,op,Plus,57,19,16,8,7,5,3
2026-08-25,op,T-Mobile,74,23,18,11,8,6,4
2026-08-25,own,,68,58,55,46,42,34,28
2026-08-25,ret,,52,42,34,30,28,21,16
2026-08-26,op,Orange,86,26,22,13,9,7,4
2026-08-26,op,Play,107,35,30,16,12,9,6
2026-08-26,op,Plus,60,18,16,9,6,5,3
2026-08-26,op,T-Mobile,78,23,20,11,8,6,4
2026-08-26,own,,69,60,53,43,41,36,28
2026-08-26,ret,,50,40,37,29,27,21,15
2026-08-27,op,Orange,85,27,23,13,10,7,5
2026-08-27,op,Play,107,37,28,17,13,9,6
2026-08-27,op,Plus,56,19,16,9,6,5,3
2026-08-27,op,T-Mobile,71,23,19,11,8,6,4
2026-08-27,own,,62,57,56,46,43,34,28
2026-08-27,ret,,53,41,37,29,28,22,16
2026-08-28,op,Orange,91,28,21,12,9,6,4
2026-08-28,op,Play,106,36,28,17,13,9,6
2026-08-28,op,Plus,65,19,16,9,7,5,3
2026-08-28,op,T-Mobile,71,22,19,10,8,6,4
2026-08-28,own,,64,57,53,49,42,35,26
2026-08-28,ret,,54,42,36,31,27,22,17
2026-08-29,op,Orange,75,22,18,11,7,5,4
2026-08-29,op,Play,93,28,23,12,10,7,5
2026-08-29,op,Plus,53,15,13,8,6,4,3
2026-08-29,op,T-Mobile,63,18,16,9,7,5,3
2026-08-29,own,,56,52,50,38,34,30,21
2026-08-29,ret,,44,32,30,25,22,18,13
2026-08-30,op,Orange,72,21,17,11,8,5,4
2026-08-30,op,Play,86,30,25,14,10,7,5
2026-08-30,op,Plus,51,16,14,8,5,4,2
2026-08-30,op,T-Mobile,61,18,14,9,6,5,3
2026-08-30,own,,53,53,47,40,35,27,22
2026-08-30,ret,,42,35,32,24,22,18,13
2026-08-31,op,Orange,81,27,23,13,9,7,5
2026-08-31,op,Play,107,33,32,16,13,9,6
2026-08-31,op,Plus,55,17,16,8,6,5,3
2026-08-31,op,T-Mobile,78,23,20,11,8,6,4
2026-08-31,own,,71,61,57,47,44,31,26
2026-08-31,ret,,50,39,33,28,27,19,17
2026-09-01,op,Orange,136,40,34,18,14,10,7
2026-09-01,op,Play,174,49,44,23,20,14,9
2026-09-01,op,Plus,87,27,24,12,9,7,5
2026-09-01,op,T-Mobile,113,36,31,16,11,8,6
2026-09-01,own,,105,97,81,67,61,51,43
2026-09-01,ret,,79,62,50,45,41,31,24
2026-09-02,op,Orange,139,39,33,19,14,11,7
2026-09-02,op,Play,173,56,43,27,17,14,9
2026-09-02,op,Plus,92,29,22,13,9,7,5
2026-09-02,op,T-Mobile,111,37,29,16,12,8,6
2026-09-02,own,,97,96,90,67,59,54,42
2026-09-02,ret,,78,56,55,43,43,30,23
2026-09-03,op,Orange,126,42,31,18,15,10,7
2026-09-03,op,Play,176,55,45,27,18,14,10
2026-09-03,op,Plus,88,29,22,13,10,7,5
2026-09-03,op,T-Mobile,117,32,28,15,11,9,6
2026-09-03,own,,96,87,87,66,59,51,43
2026-09-03,ret,,78,56,56,42,39,33,24
2026-09-04,op,Orange,129,42,34,19,15,11,7
2026-09-04,op,Play,181,54,45,23,19,13,9
2026-09-04,op,Plus,91,27,25,13,10,7,5
2026-09-04,op,T-Mobile,106,33,26,17,11,9,6
2026-09-04,own,,102,97,85,73,61,49,42
2026-09-04,ret,,75,57,57,45,39,30,24
2026-09-05,op,Orange,110,34,28,16,11,8,6
2026-09-05,op,Play,139,41,36,21,15,10,8
2026-09-05,op,Plus,77,21,20,10,8,5,4
2026-09-05,op,T-Mobile,92,29,25,13,10,7,5
2026-09-05,own,,82,79,71,56,49,44,34
2026-09-05,ret,,63,49,43,36,34,27,20
2026-09-06,op,Orange,106,32,29,16,12,8,5
2026-09-06,op,Play,131,41,39,21,17,11,7
2026-09-06,op,Plus,76,24,20,10,8,6,4
2026-09-06,op,T-Mobile,84,26,25,14,11,7,5
2026-09-06,own,,76,72,67,58,52,42,36
2026-09-06,ret,,65,52,46,40,31,26,20
2026-09-07,op,Orange,133,37,34,18,15,11,7
2026-09-07,op,Play,171,50,42,24,19,13,9
2026-09-07,op,Plus,94,26,25,14,10,7,5
2026-09-07,op,T-Mobile,109,33,29,16,12,8,6
2026-09-07,own,,93,93,88,74,58,49,43
2026-09-07,ret,,77,61,54,47,43,30,22
2026-09-08,op,Orange,94,32,27,14,10,8,6
2026-09-08,op,Play,118,43,36,19,15,10,7
2026-09-08,op,Plus,64,23,18,10,7,5,4
2026-09-08,op,T-Mobile,78,25,21,13,10,6,4
2026-09-08,own,,64,58,53,42,40,34,26
2026-09-08,ret,,58,42,36,33,30,20,17
2026-09-09,op,Orange,87,31,24,15,11,8,5
2026-09-09,op,Play,114,37,36,18,14,10,7
2026-09-09,op,Plus,61,20,17,9,8,6,4
2026-09-09,op,T-Mobile,82,25,23,12,10,7,4
2026-09-09,own,,67,64,58,45,38,31,28
2026-09-09,ret,,51,40,37,33,26,21,17
2026-09-10,op,Orange,84,29,26,14,11,8,6
2026-09-10,op,Play,113,40,34,20,14,9,7
2026-09-10,op,Plus,61,23,19,10,8,5,4
2026-09-10,op,T-Mobile,76,26,21,13,9,7,4
2026-09-10,own,,62,56,56,43,43,34,27
2026-09-10,ret,,49,40,38,32,28,21,16
2026-09-11,op,Orange,97,30,25,14,10,8,5
2026-09-11,op,Play,118,42,31,18,13,11,7
2026-09-11,op,Plus,64,22,17,9,8,5,4
2026-09-11,op,T-Mobile,72,24,21,12,10,7,4
2026-09-11,own,,64,63,54,49,40,34,26
2026-09-11,ret,,51,43,42,33,29,21,16
2026-09-12,op,Orange,80,26,20,12,9,6,5
2026-09-12,op,Play,95,34,29,14,11,9,6
2026-09-12,op,Plus,55,19,14,9,6,4,3
2026-09-12,op,T-Mobile,66,21,17,10,8,6,4
2026-09-12,own,,49,45,44,36,32,25,22
2026-09-12,ret,,43,37,30,25,22,17,13
2026-09-13,op,Orange,75,24,22,13,9,7,4
2026-09-13,op,Play,91,35,28,16,12,9,6
2026-09-13,op,Plus,51,17,15,8,6,5,3
2026-09-13,op,T-Mobile,61,21,19,11,8,5,4
2026-09-13,own,,55,52,46,35,33,26,22
2026-09-13,ret,,41,36,28,27,24,18,14
2026-09-14,op,Orange,98,31,25,15,10,8,6
2026-09-14,op,Play,124,38,35,19,15,10,7
2026-09-14,op,Plus,62,23,18,11,8,6,4
2026-09-14,op,T-Mobile,72,24,22,11,9,7,5
2026-09-14,own,,65,57,52,49,40,33,26
2026-09-14,ret,,51,41,40,30,30,22,18
2026-09-15,op,Orange,93,28,25,14,12,7,5
2026-09-15,op,Play,116,38,34,18,15,10,7
2026-09-15,op,Plus,65,20,19,10,8,5,3
2026-09-15,op,T-Mobile,75,27,22,11,9,7,4
2026-09-15,own,,66,63,61,45,41,34,26
2026-09-15,ret,,56,42,35,30,28,24,16
2026-09-16,op,Orange,86,31,27,14,10,8,5
2026-09-16,op,Play,115,42,34,18,13,10,7
2026-09-16,op,Plus,68,21,17,10,7,5,4
2026-09-16,op,T-Mobile,74,25,21,12,9,6,4
2026-09-16,own,,63,58,57,42,40,30,29
2026-09-16,ret,,50,39,39,31,28,22,16
2026-09-17,op,Orange,92,30,27,14,11,7,6
2026-09-17,op,Play,114,43,33,19,14,10,6
2026-09-17,op,Plus,66,20,19,10,7,5,4
2026-09-17,op,T-Mobile,79,27,23,12,9,7,4
2026-09-17,own,,68,61,57,42,40,34,25
2026-09-17,ret,,49,40,39,31,30,21,16
2026-09-18,op,Orange,88,33,24,14,10,8,5
2026-09-18,op,Play,113,41,36,18,13,10,7
2026-09-18,op,Plus,61,21,18,9,7,6,4
2026-09-18,op,T-Mobile,83,26,23,12,10,7,5
2026-09-18,own,,69,65,60,42,38,34,25
2026-09-18,ret,,56,42,40,30,27,20,17
2026-09-19,op,Orange,73,24,21,12,9,6,5
2026-09-19,op,Play,92,20,18,10,7,5,4
2026-09-19,op,Plus,49,18,14,8,6,5,3
2026-09-19,op,T-Mobile,59,22,17,9,7,5,4
2026-09-19,own,,52,51,45,37,34,26,23
2026-09-19,ret,,46,32,32,25,25,17,14
2026-09-20,op,Orange,75,24,21,12,9,6,4
2026-09-20,op,Play,97,20,18,10,7,6,4
2026-09-20,op,Plus,49,18,14,8,6,4,3
2026-09-20,op,T-Mobile,60,21,17,9,8,6,4
2026-09-20,own,,56,52,46,38,35,26,23
2026-09-20,ret,,41,37,31,27,22,18,13
2026-09-21,op,Orange,86,29,24,14,12,8,5
2026-09-21,op,Play,121,25,21,12,8,6,4
2026-09-21,op,Plus,63,22,18,11,7,5,3
2026-09-21,op,T-Mobile,80,25,22,12,9,6,5
2026-09-21,own,,59,59,59,46,42,33,25
2026-09-21,ret,,50,44,38,29,29,21,18
2026-09-22,op,Orange,91,29,26,14,12,8,5
2026-09-22,op,Play,119,24,20,13,9,6,4
2026-09-22,op,Plus,64,20,19,10,8,5,3
2026-09-22,op,T-Mobile,80,27,21,12,9,7,4
2026-09-22,own,,66,57,57,46,38,33,28
2026-09-22,ret,,51,39,38,30,30,21,16
2026-09-23,op,Orange,89,31,27,14,10,8,6
2026-09-23,op,Play,121,26,22,12,10,6,5
2026-09-23,op,Plus,64,20,17,10,7,5,3
2026-09-23,op,T-Mobile,81,28,24,13,10,6,5
2026-09-23,own,,64,62,61,44,38,35,28
2026-09-23,ret,,49,41,39,31,27,21,15
2026-09-24,op,Orange,84,32,26,14,11,8,5
2026-09-24,op,Play,117,23,22,11,9,7,4
2026-09-24,op,Plus,63,22,17,10,8,5,4
2026-09-24,op,T-Mobile,81,27,22,12,10,6,5
2026-09-24,own,,68,63,54,45,40,31,29
2026-09-24,ret,,55,40,36,33,31,21,16
2026-09-25,op,Orange,96,29,25,15,11,7,6
2026-09-25,op,Play,126,25,22,11,8,6,4
2026-09-25,op,Plus,64,22,17,9,7,6,4
2026-09-25,op,T-Mobile,75,25,23,13,9,6,5
2026-09-25,own,,69,58,57,42,41,34,27
2026-09-25,ret,,54,44,40,30,26,22,16
2026-09-26,op,Orange,75,25,20,12,8,7,5
2026-09-26,op,Play,104,22,18,10,7,5,4
2026-09-26,op,Plus,52,18,15,8,6,5,3
2026-09-26,op,T-Mobile,66,20,17,9,7,6,4
2026-09-26,own,,75,71,63,53,45,41,30
2026-09-26,ret,,46,34,29,27,21,19,14
2026-09-27,op,Orange,76,26,20,11,8,6,5
2026-09-27,op,Play,103,21,17,10,7,5,3
2026-09-27,op,Plus,51,18,15,8,6,4,3
2026-09-27,op,T-Mobile,65,21,19,10,8,5,4
2026-09-27,own,,77,66,63,53,50,39,34
2026-09-27,ret,,42,36,30,27,24,18,13
2026-09-28,op,Orange,95,32,26,14,11,8,5
2026-09-28,op,Play,114,24,21,12,9,6,4
2026-09-28,op,Plus,66,23,16,10,8,5,4
2026-09-28,op,T-Mobile,80,27,23,12,9,7,4
2026-09-28,own,,93,93,79,69,61,48,37
2026-09-28,ret,,56,42,35,32,27,22,17
2026-09-29,op,Orange,96,29,26,14,12,7,5
2026-09-29,op,Play,119,23,20,12,9,6,4
2026-09-29,op,Plus,62,22,18,10,8,6,4
2026-09-29,op,T-Mobile,81,27,20,11,10,6,5
2026-09-29,own,,99,93,87,64,60,48,41
2026-09-29,ret,,52,45,37,34,30,20,16
2026-09-30,op,Orange,93,32,25,15,12,7,5
2026-09-30,op,Play,111,23,19,11,8,6,4
2026-09-30,op,Plus,64,21,19,10,8,5,4
2026-09-30,op,T-Mobile,83,26,22,12,9,7,5
2026-09-30,own,,97,83,83,68,56,51,41
2026-09-30,ret,,49,41,37,33,27,24,15
2026-10-01,op,Orange,87,31,26,15,10,8,5
2026-10-01,op,Play,114,26,19,12,9,6,4
2026-10-01,op,Plus,59,20,19,11,7,5,4
2026-10-01,op,T-Mobile,79,25,21,13,10,7,4
2026-10-01,own,,63,55,55,47,43,31,25
2026-10-01,ret,,56,43,40,29,28,23,17
2026-10-02,op,Orange,95,31,25,14,12,8,5
2026-10-02,op,Play,112,26,22,11,9,6,4
2026-10-02,op,Plus,63,21,17,10,8,5,4
2026-10-02,op,T-Mobile,80,25,20,12,9,6,4
2026-10-02,own,,60,60,53,44,41,34,24
2026-10-02,ret,,50,44,38,34,28,23,17
2026-10-03,op,Orange,78,24,21,11,9,6,5
2026-10-03,op,Play,102,19,16,10,8,6,4
2026-10-03,op,Plus,52,17,14,9,6,4,3
2026-10-03,op,T-Mobile,62,22,18,10,8,5,4
2026-10-03,own,,55,46,46,36,36,28,20
2026-10-03,ret,,46,34,31,25,21,19,14
2026-10-04,op,Orange,79,25,20,12,9,7,4
2026-10-04,op,Play,102,22,16,10,8,5,4
2026-10-04,op,Plus,54,18,15,8,6,5,3
2026-10-04,op,T-Mobile,65,20,17,10,7,5,4
2026-10-04,own,,54,46,44,38,31,25,22
2026-10-04,ret,,43,36,32,24,24,17,13
2026-10-05,op,Orange,89,33,28,14,11,8,6
2026-10-05,op,Play,128,25,21,12,8,6,4
2026-10-05,op,Plus,60,22,17,11,8,5,4
2026-10-05,op,T-Mobile,80,26,22,12,9,6,4
2026-10-05,own,,69,61,57,48,42,34,27
2026-10-05,ret,,50,43,35,31,30,23,17
2026-10-06,op,Orange,89,31,28,15,12,8,6
2026-10-06,op,Play,124,24,20,12,8,6,4
2026-10-06,op,Plus,60,23,17,10,7,5,3
2026-10-06,op,T-Mobile,76,24,23,13,9,7,4
2026-10-06,own,,65,61,58,49,41,32,28
2026-10-06,ret,,57,44,40,30,30,21,16
2026-10-07,op,Orange,86,30,25,14,11,7,5
2026-10-07,op,Play,113,26,21,12,9,6,4
2026-10-07,op,Plus,63,21,18,10,8,6,4
2026-10-07,op,T-Mobile,73,27,21,12,9,7,4
2026-10-07,own,,67,61,55,43,41,32,26
2026-10-07,ret,,52,39,38,34,28,23,17
